{
	"info": {
		"_postman_id": "93d4b30d-8d64-4f1b-934f-97e236a082f5",
		"name": "MySecondCollection",
		"schema": "https://schema.getpostman.com/json/collection/v2.1.0/collection.json",
		"_exporter_id": "26077521",
		"_collection_link": "https://www.postman.com/skandhwa123/workspace/testsimplilearn/collection/26077521-93d4b30d-8d64-4f1b-934f-97e236a082f5?action=share&creator=26077521&source=collection_link"
	},
	"item": [
		{
			"name": "New Request",
			"request": {
				"method": "GET",
				"header": [],
				"url": {
					"raw": "https://reqres.in/api/users/2",
					"protocol": "https",
					"host": [
						"reqres",
						"in"
					],
					"path": [
						"api",
						"users",
						"2"
					]
				}
			},
			"response": []
		}
	]
}