<?xml version="1.0" encoding="UTF-8"?>
<!DOCTYPE suite SYSTEM "https://testng.org/testng-1.0.dtd">
<suite name="Suite">
  <test thread-count="5" name="Test">
   
	<!--	<groups>
			<run>
				<include name="sanity"/>
				</run>
		</groups>-->
		
		<groups>
			<run>
				<exclude name="sanity"/>
				</run>
		</groups>
		
	
        <classes>
       <class name="TESTNGSLEARN.TESTNGTutorial.TestNgGroups"/>
       
       
    </classes>
  </test>
  
  <test name="Test1234">
	  
	 	<groups>
			<run>
				<include name="sanity"/>
				</run>
		</groups>
	  
  </test>
  
  
   <!-- Test -->
</suite> <!-- Suite -->