<?xml version="1.0" encoding="UTF-8"?>
<!DOCTYPE suite SYSTEM "https://testng.org/testng-1.0.dtd">
<suite name="Suite">
  <test thread-count="5" name="Test">
	  
	  <parameter name="val1" value="2"/>
		   <parameter name="val2" value="3"/>
		     <parameter name="val3" value="Saurabh"/>
	  
	  
	  
	  
	  
    <classes>
    
      
      <!-- <class name="TESTNGSLEARN.TESTNGTutorial.TestNgAnnotationExample"/>-->
       
       <class name="TESTNGSLEARN.TESTNGTutorial.TestNgParameters"/>
       
       
    </classes>
  </test> <!-- Test -->
</suite> <!-- Suite -->