<?xml version="1.0" encoding="UTF-8"?>
<!DOCTYPE suite SYSTEM "https://testng.org/testng-1.0.dtd">
<suite name="Suite">
  <test thread-count="5" name="Firefox">
	  <parameter name="browser" value="firefox"/>
    <classes>
    
      
      <!-- <class name="TESTNGSLEARN.TESTNGTutorial.TestNgAnnotationExample"/>-->
       
       <class name="TESTNGSLEARN.TESTNGTutorial.CrossBrowserTesting"/>
       
       
    </classes>
  </test> <!-- Test -->
  
  <test thread-count="5" name="Chrome">
	  <parameter name="browser" value="chrome"/>
    <classes>
    
      
      <!-- <class name="TESTNGSLEARN.TESTNGTutorial.TestNgAnnotationExample"/>-->
       
       <class name="TESTNGSLEARN.TESTNGTutorial.CrossBrowserTesting"/>
       
       
    </classes>
  </test> <!-- Test -->
  
  
  <test thread-count="5" name="EDGE">
	  <parameter name="browser" value="edge"/>
    <classes>
    
      
      <!-- <class name="TESTNGSLEARN.TESTNGTutorial.TestNgAnnotationExample"/>-->
       
       <class name="TESTNGSLEARN.TESTNGTutorial.CrossBrowserTesting"/>
       
       
    </classes>
  </test> <!-- Test -->
  
  
</suite> <!-- Suite -->